Date,High,Low,Open,Close,Volume,Adj Close
1/2/15,2072.360107,2046.040039,2058.899902,2058.199951,2708700000,2058.199951
1/5/15,2054.439941,2017.339966,2054.439941,2020.579956,3799120000,2020.579956
1/6/15,2030.25,1992.439941,2022.150024,2002.609985,4460110000,2002.609985
1/7/15,2029.609985,2005.550049,2005.550049,2025.900024,3805480000,2025.900024
1/8/15,2064.080078,2030.609985,2030.609985,2062.139893,3934010000,2062.139893
1/9/15,2064.429932,2038.329956,2063.449951,2044.810059,3364140000,2044.810059
1/12/15,2049.300049,2022.579956,2046.130005,2028.26001,3456460000,2028.26001
1/13/15,2056.929932,2008.25,2031.579956,2023.030029,4107300000,2023.030029
1/14/15,2018.400024,1988.439941,2018.400024,2011.27002,4378680000,2011.27002
1/15/15,2021.349976,1991.469971,2013.75,1992.670044,4276720000,1992.670044
1/16/15,2020.459961,1988.119995,1992.25,2019.420044,4056410000,2019.420044
1/20/15,2028.939941,2004.48999,2020.76001,2022.550049,3944340000,2022.550049
1/21/15,2038.290039,2012.040039,2020.189941,2032.119995,3730070000,2032.119995
1/22/15,2064.620117,2026.380005,2034.300049,2063.149902,4176050000,2063.149902
1/23/15,2062.97998,2050.540039,2062.97998,2051.820068,3573560000,2051.820068
1/26/15,2057.620117,2040.969971,2050.419922,2057.090088,3465760000,2057.090088
1/27/15,2047.859985,2019.910034,2047.859985,2029.550049,3329810000,2029.550049
1/28/15,2042.48999,2001.48999,2032.339966,2002.160034,4067530000,2002.160034
1/29/15,2024.640015,1989.180054,2002.449951,2021.25,4127140000,2021.25
1/30/15,2023.319946,1993.380005,2019.349976,1994.98999,4568650000,1994.98999
2/2/15,2021.660034,1980.900024,1996.670044,2020.849976,4008330000,2020.849976
2/3/15,2050.300049,2022.709961,2022.709961,2050.030029,4615900000,2050.030029
2/4/15,2054.73999,2036.719971,2048.860107,2041.51001,4141920000,2041.51001
2/5/15,2063.550049,2043.449951,2043.449951,2062.52002,3821990000,2062.52002
2/6/15,2072.399902,2049.969971,2062.280029,2055.469971,4232970000,2055.469971
2/9/15,2056.159912,2041.880005,2053.469971,2046.73999,3549540000,2046.73999
2/10/15,2070.860107,2048.620117,2049.379883,2068.590088,3669850000,2068.590088
2/11/15,2073.47998,2057.98999,2068.550049,2068.530029,3596860000,2068.530029
2/12/15,2088.530029,2069.97998,2069.97998,2088.47998,3788350000,2088.47998
2/13/15,2097.030029,2086.699951,2088.780029,2096.98999,3527450000,2096.98999
2/17/15,2101.300049,2089.800049,2096.469971,2100.340088,3361750000,2100.340088
2/18/15,2100.22998,2092.149902,2099.159912,2099.679932,3370020000,2099.679932
2/19/15,2102.129883,2090.790039,2099.25,2097.449951,3247100000,2097.449951
2/20/15,2110.610107,2085.439941,2097.649902,2110.300049,3281600000,2110.300049
2/23/15,2110.050049,2103,2109.830078,2109.659912,3093680000,2109.659912
2/24/15,2117.939941,2105.870117,2109.100098,2115.47998,3199840000,2115.47998
2/25/15,2119.590088,2109.889893,2115.300049,2113.860107,3312340000,2113.860107
2/26/15,2113.909912,2103.76001,2113.909912,2110.73999,3408690000,2110.73999
2/27/15,2112.73999,2103.75,2110.879883,2104.5,3547380000,2104.5
3/2/15,2117.52002,2104.5,2105.22998,2117.389893,3409490000,2117.389893
3/3/15,2115.76001,2098.26001,2115.76001,2107.780029,3262300000,2107.780029
3/4/15,2107.719971,2094.48999,2107.719971,2098.530029,3421110000,2098.530029
3/5/15,2104.25,2095.219971,2098.540039,2101.040039,3103030000,2101.040039
3/6/15,2100.909912,2067.27002,2100.909912,2071.26001,3853570000,2071.26001
3/9/15,2083.48999,2072.209961,2072.25,2079.429932,3349090000,2079.429932
3/10/15,2076.139893,2044.160034,2076.139893,2044.160034,3668900000,2044.160034
3/11/15,2050.080078,2039.689941,2044.689941,2040.23999,3406570000,2040.23999
3/12/15,2066.409912,2041.099976,2041.099976,2065.949951,3405860000,2065.949951
3/13/15,2064.560059,2041.170044,2064.560059,2053.399902,3498560000,2053.399902
3/16/15,2081.409912,2055.350098,2055.350098,2081.189941,3295600000,2081.189941
3/17/15,2080.590088,2065.080078,2080.590088,2074.280029,3221840000,2074.280029
3/18/15,2106.850098,2061.22998,2072.840088,2099.5,4128210000,2099.5
3/19/15,2098.689941,2085.560059,2098.689941,2089.27002,3305220000,2089.27002
3/20/15,2113.919922,2090.320068,2090.320068,2108.100098,5554120000,2108.100098
3/23/15,2114.860107,2104.419922,2107.98999,2104.419922,3267960000,2104.419922
3/24/15,2107.629883,2091.5,2103.939941,2091.5,3189820000,2091.5
3/25/15,2097.429932,2061.050049,2093.100098,2061.050049,3521140000,2061.050049
3/26/15,2067.149902,2045.5,2059.939941,2056.149902,3510670000,2056.149902
3/27/15,2062.830078,2052.959961,2055.780029,2061.02002,3008550000,2061.02002
3/30/15,2088.969971,2064.110107,2064.110107,2086.23999,2917690000,2086.23999
3/31/15,2084.050049,2067.040039,2084.050049,2067.889893,3376550000,2067.889893
4/1/15,2067.629883,2048.379883,2067.629883,2059.689941,3543270000,2059.689941
4/2/15,2072.169922,2057.320068,2060.030029,2066.959961,3095960000,2066.959961
4/6/15,2086.98999,2056.52002,2064.870117,2080.620117,3302970000,2080.620117
4/7/15,2089.810059,2076.100098,2080.790039,2076.330078,3065510000,2076.330078
4/8/15,2086.689941,2073.300049,2076.939941,2081.899902,3265330000,2081.899902
4/9/15,2093.310059,2074.290039,2081.290039,2091.179932,3172360000,2091.179932
4/10/15,2102.610107,2091.51001,2091.51001,2102.060059,3156200000,2102.060059
4/13/15,2107.649902,2092.330078,2102.030029,2092.429932,2908420000,2092.429932
4/14/15,2098.620117,2083.23999,2092.280029,2095.840088,3301270000,2095.840088
4/15/15,2111.909912,2097.820068,2097.820068,2106.629883,4013760000,2106.629883
4/16/15,2111.300049,2100.02002,2105.959961,2104.98999,3434120000,2104.98999
4/17/15,2102.580078,2072.370117,2102.580078,2081.179932,3627600000,2081.179932
4/20/15,2103.939941,2084.110107,2084.110107,2100.399902,3000160000,2100.399902
4/21/15,2109.639893,2094.379883,2102.820068,2097.290039,3243410000,2097.290039
4/22/15,2109.97998,2091.050049,2098.27002,2107.959961,3348480000,2107.959961
4/23/15,2120.48999,2103.189941,2107.209961,2112.929932,3636670000,2112.929932
4/24/15,2120.919922,2112.800049,2112.800049,2117.689941,3375780000,2117.689941
4/27/15,2125.919922,2107.040039,2119.290039,2108.919922,3438750000,2108.919922
4/28/15,2116.040039,2094.889893,2108.350098,2114.76001,3546270000,2114.76001
4/29/15,2113.649902,2097.409912,2112.48999,2106.850098,4074970000,2106.850098
4/30/15,2105.52002,2077.590088,2105.52002,2085.51001,4509680000,2085.51001
5/1/15,2108.409912,2087.379883,2087.379883,2108.290039,3379390000,2108.290039
5/4/15,2120.949951,2110.22998,2110.22998,2114.48999,3091580000,2114.48999
5/5/15,2115.23999,2088.459961,2112.629883,2089.459961,3793950000,2089.459961
5/6/15,2098.419922,2067.929932,2091.26001,2080.149902,3792210000,2080.149902
5/7/15,2092.899902,2074.98999,2079.959961,2088,3676640000,2088
5/8/15,2117.659912,2092.129883,2092.129883,2116.100098,3399440000,2116.100098
5/11/15,2117.689941,2104.580078,2115.560059,2105.330078,2992670000,2105.330078
5/12/15,2105.060059,2085.570068,2102.870117,2099.120117,3139520000,2099.120117
5/13/15,2110.189941,2096.040039,2099.620117,2098.47998,3374260000,2098.47998
5/14/15,2121.449951,2100.429932,2100.429932,2121.100098,3225740000,2121.100098
5/15/15,2123.889893,2116.810059,2122.070068,2122.72998,3092080000,2122.72998
5/18/15,2131.780029,2120.01001,2121.300049,2129.199951,2888190000,2129.199951
5/19/15,2133.02002,2124.5,2129.449951,2127.830078,3296030000,2127.830078
5/20/15,2134.719971,2122.590088,2127.790039,2125.850098,3025880000,2125.850098
5/21/15,2134.280029,2122.949951,2125.550049,2130.820068,3070460000,2130.820068
5/22/15,2132.149902,2126.060059,2130.360107,2126.060059,2571860000,2126.060059
5/26/15,2125.340088,2099.179932,2125.340088,2104.199951,3342130000,2104.199951
5/27/15,2126.219971,2105.129883,2105.129883,2123.47998,3127960000,2123.47998
5/28/15,2122.27002,2112.860107,2122.27002,2120.790039,2980350000,2120.790039
5/29/15,2120.659912,2104.889893,2120.659912,2107.389893,3927390000,2107.389893
6/1/15,2119.149902,2102.540039,2108.639893,2111.72998,3011710000,2111.72998
6/2/15,2117.590088,2099.139893,2110.409912,2109.600098,3049350000,2109.600098
6/3/15,2121.919922,2109.610107,2110.639893,2114.070068,3099980000,2114.070068
6/4/15,2112.889893,2093.22998,2112.350098,2095.840088,3200050000,2095.840088
6/5/15,2100.98999,2085.669922,2095.090088,2092.830078,3243690000,2092.830078
6/8/15,2093.01001,2079.110107,2092.340088,2079.280029,2917150000,2079.280029
6/9/15,2085.620117,2072.139893,2079.070068,2080.149902,3034580000,2080.149902
6/10/15,2108.5,2081.120117,2081.120117,2105.199951,3414320000,2105.199951
6/11/15,2115.02002,2106.23999,2106.23999,2108.860107,3128600000,2108.860107
6/12/15,2107.429932,2091.330078,2107.429932,2094.110107,2719400000,2094.110107
6/15/15,2091.340088,2072.48999,2091.340088,2084.429932,3061570000,2084.429932
6/16/15,2097.399902,2082.100098,2084.26001,2096.290039,2919900000,2096.290039
6/17/15,2106.790039,2088.860107,2097.399902,2100.439941,3222240000,2100.439941
6/18/15,2126.649902,2101.580078,2101.580078,2121.23999,3520360000,2121.23999
6/19/15,2121.639893,2109.449951,2121.060059,2109.98999,4449810000,2109.98999
6/22/15,2129.870117,2112.5,2112.5,2122.850098,3030020000,2122.850098
6/23/15,2128.030029,2119.889893,2123.159912,2124.199951,3091190000,2124.199951
6/24/15,2125.100098,2108.580078,2123.649902,2108.580078,3102480000,2108.580078
6/25/15,2116.040039,2101.780029,2109.959961,2102.310059,3214610000,2102.310059
6/26/15,2108.919922,2095.379883,2102.620117,2101.48999,5025470000,2101.48999
6/29/15,2098.629883,2056.639893,2098.629883,2057.639893,3678960000,2057.639893
6/30/15,2074.280029,2056.320068,2061.189941,2063.110107,4078540000,2063.110107
7/1/15,2082.780029,2067,2067,2077.419922,3727260000,2077.419922
7/2/15,2085.060059,2071.02002,2078.030029,2076.780029,2996540000,2076.780029
7/6/15,2078.610107,2058.399902,2073.949951,2068.76001,3486360000,2068.76001
7/7/15,2083.73999,2044.02002,2069.52002,2081.340088,4458660000,2081.340088
7/8/15,2077.659912,2044.660034,2077.659912,2046.680054,3608780000,2046.680054
7/9/15,2074.280029,2049.72998,2049.72998,2051.310059,3446810000,2051.310059
7/10/15,2081.310059,2052.73999,2052.73999,2076.620117,3065070000,2076.620117
7/13/15,2100.669922,2080.030029,2080.030029,2099.600098,3096730000,2099.600098
7/14/15,2111.97998,2098.179932,2099.719971,2108.949951,3002120000,2108.949951
7/15/15,2114.139893,2102.48999,2109.01001,2107.399902,3261810000,2107.399902
7/16/15,2124.419922,2110.550049,2110.550049,2124.290039,3227080000,2124.290039
7/17/15,2128.909912,2119.879883,2126.800049,2126.639893,3362750000,2126.639893
7/20/15,2132.820068,2123.659912,2126.850098,2128.280029,3245870000,2128.280029
7/21/15,2128.48999,2115.399902,2127.550049,2119.209961,3343690000,2119.209961
7/22/15,2118.51001,2110,2118.209961,2114.149902,3694070000,2114.149902
7/23/15,2116.870117,2098.629883,2114.159912,2102.149902,3772810000,2102.149902
7/24/15,2106.01001,2077.090088,2102.23999,2079.649902,3870040000,2079.649902
7/27/15,2078.189941,2063.52002,2078.189941,2067.639893,3836750000,2067.639893
7/28/15,2095.600098,2069.090088,2070.75,2093.25,4117740000,2093.25
7/29/15,2110.600098,2094.080078,2094.699951,2108.570068,4038900000,2108.570068
7/30/15,2110.47998,2094.969971,2106.780029,2108.629883,3579410000,2108.629883
7/31/15,2114.23999,2102.070068,2111.600098,2103.840088,3681340000,2103.840088
8/3/15,2105.699951,2087.310059,2104.48999,2098.040039,3476770000,2098.040039
8/4/15,2102.51001,2088.600098,2097.679932,2093.320068,3546710000,2093.320068
8/5/15,2112.659912,2095.27002,2095.27002,2099.840088,3968680000,2099.840088
8/6/15,2103.320068,2075.530029,2100.75,2083.560059,4246570000,2083.560059
8/7/15,2082.610107,2067.909912,2082.610107,2077.570068,3602320000,2077.570068
8/10/15,2105.350098,2080.97998,2080.97998,2104.179932,3514460000,2104.179932
8/11/15,2102.659912,2076.48999,2102.659912,2084.070068,3708880000,2084.070068
8/12/15,2089.060059,2052.090088,2081.100098,2086.050049,4269130000,2086.050049
8/13/15,2092.929932,2078.26001,2086.189941,2083.389893,3221300000,2083.389893
8/14/15,2092.449951,2080.610107,2083.149902,2091.540039,2795590000,2091.540039
8/17/15,2102.870117,2079.300049,2089.699951,2102.439941,2867690000,2102.439941
8/18/15,2103.469971,2094.139893,2101.98999,2096.919922,2949990000,2096.919922
8/19/15,2096.169922,2070.530029,2095.689941,2079.610107,3512920000,2079.610107
8/20/15,2076.610107,2035.72998,2076.610107,2035.72998,3922470000,2035.72998
8/21/15,2034.079956,1970.890015,2034.079956,1970.890015,5018240000,1970.890015
8/24/15,1965.150024,1867.01001,1965.150024,1893.209961,6612690000,1893.209961
8/25/15,1948.040039,1867.079956,1898.079956,1867.609985,5183560000,1867.609985
8/26/15,1943.089966,1872.75,1872.75,1940.51001,5338250000,1940.51001
8/27/15,1989.599976,1942.77002,1942.77002,1987.660034,5006390000,1987.660034
8/28/15,1993.47998,1975.189941,1986.060059,1988.869995,3949080000,1988.869995
8/31/15,1986.72998,1965.97998,1986.72998,1972.180054,3915100000,1972.180054
9/1/15,1970.089966,1903.069946,1970.089966,1913.849976,4371850000,1913.849976
9/2/15,1948.910034,1916.52002,1916.52002,1948.859985,3742620000,1948.859985
9/3/15,1975.01001,1944.719971,1950.790039,1951.130005,3520700000,1951.130005
9/4/15,1947.76001,1911.209961,1947.76001,1921.219971,3167090000,1921.219971
9/8/15,1970.420044,1927.300049,1927.300049,1969.410034,3548650000,1969.410034
9/9/15,1988.630005,1937.880005,1971.449951,1942.040039,3652120000,1942.040039
9/10/15,1965.290039,1937.189941,1941.589966,1952.290039,3626320000,1952.290039
9/11/15,1961.050049,1939.189941,1951.449951,1961.050049,3218590000,1961.050049
9/14/15,1963.060059,1948.27002,1963.060059,1953.030029,3000200000,1953.030029
9/15/15,1983.189941,1954.300049,1955.099976,1978.089966,3239860000,1978.089966
9/16/15,1997.26001,1977.930054,1978.02002,1995.310059,3630680000,1995.310059
9/17/15,2020.859985,1986.72998,1995.329956,1990.199951,4183790000,1990.199951
9/18/15,1989.660034,1953.449951,1989.660034,1958.030029,6021240000,1958.030029
9/21/15,1979.640015,1955.800049,1960.839966,1966.969971,3269350000,1966.969971
9/22/15,1961.390015,1929.219971,1961.390015,1942.73999,3808260000,1942.73999
9/23/15,1949.52002,1932.569946,1943.23999,1938.76001,3190530000,1938.76001
9/24/15,1937.170044,1908.920044,1934.810059,1932.23999,4091530000,1932.23999
9/25/15,1952.890015,1921.5,1935.930054,1931.339966,3721870000,1931.339966
9/28/15,1929.180054,1879.209961,1929.180054,1881.77002,4326660000,1881.77002
9/29/15,1899.47998,1871.910034,1881.900024,1884.089966,4132390000,1884.089966
9/30/15,1920.530029,1887.140015,1887.140015,1920.030029,4525070000,1920.030029
10/1/15,1927.209961,1900.699951,1919.650024,1923.819946,3983600000,1923.819946
10/2/15,1951.359985,1893.699951,1921.77002,1951.359985,4378570000,1951.359985
10/5/15,1989.170044,1954.329956,1954.329956,1987.050049,4334490000,1987.050049
10/6/15,1991.619995,1971.98999,1986.630005,1979.920044,4202400000,1979.920044
10/7/15,1999.310059,1976.439941,1982.339966,1995.829956,4666470000,1995.829956
10/8/15,2016.5,1987.530029,1994.01001,2013.430054,3939140000,2013.430054
10/9/15,2020.130005,2007.609985,2013.72998,2014.890015,3706900000,2014.890015
10/12/15,2018.660034,2010.550049,2015.650024,2017.459961,2893250000,2017.459961
10/13/15,2022.339966,2001.780029,2015,2003.689941,3401920000,2003.689941
10/14/15,2009.560059,1990.72998,2003.660034,1994.23999,3644590000,1994.23999
10/15/15,2024.150024,1996.469971,1996.469971,2023.859985,3746290000,2023.859985
10/16/15,2033.540039,2020.459961,2024.369995,2033.109985,3595430000,2033.109985
10/19/15,2034.449951,2022.310059,2031.72998,2033.660034,3287320000,2033.660034
10/20/15,2039.119995,2026.609985,2033.130005,2030.77002,3331500000,2030.77002
10/21/15,2037.969971,2017.219971,2033.469971,2018.939941,3627790000,2018.939941
10/22/15,2055.199951,2021.880005,2021.880005,2052.51001,4430850000,2052.51001
10/23/15,2079.73999,2058.189941,2058.189941,2075.149902,4108460000,2075.149902
10/26/15,2075.139893,2066.530029,2075.080078,2071.179932,3385800000,2071.179932
10/27/15,2070.370117,2058.840088,2068.75,2065.889893,4216880000,2065.889893
10/28/15,2090.350098,2063.110107,2066.47998,2090.350098,4698110000,2090.350098
10/29/15,2092.52002,2082.629883,2088.350098,2089.409912,4008940000,2089.409912
10/30/15,2094.320068,2079.340088,2090,2079.360107,4256200000,2079.360107
11/2/15,2106.199951,2080.76001,2080.76001,2104.050049,3760020000,2104.050049
11/3/15,2116.47998,2097.51001,2102.629883,2109.790039,4272060000,2109.790039
11/4/15,2114.590088,2096.97998,2110.600098,2102.310059,4078870000,2102.310059
11/5/15,2108.780029,2090.409912,2101.679932,2099.929932,4051890000,2099.929932
11/6/15,2101.909912,2083.73999,2098.600098,2099.199951,4369020000,2099.199951
11/9/15,2096.560059,2068.23999,2096.560059,2078.580078,3882350000,2078.580078
11/10/15,2083.669922,2069.909912,2077.189941,2081.719971,3821440000,2081.719971
11/11/15,2086.939941,2074.850098,2083.409912,2075,3692410000,2075
11/12/15,2072.290039,2045.660034,2072.290039,2045.969971,4016370000,2045.969971
11/13/15,2044.640015,2022.02002,2044.640015,2023.040039,4278750000,2023.040039
11/16/15,2053.219971,2019.390015,2022.079956,2053.189941,3741240000,2053.189941
11/17/15,2066.689941,2045.900024,2053.669922,2050.439941,4427350000,2050.439941
11/18/15,2085.310059,2051.98999,2051.98999,2083.580078,3926390000,2083.580078
11/19/15,2086.73999,2078.76001,2083.699951,2081.23999,3628110000,2081.23999
11/20/15,2097.060059,2082.820068,2082.820068,2089.169922,3929600000,2089.169922
11/23/15,2095.610107,2081.389893,2089.409912,2086.590088,3587980000,2086.590088
11/24/15,2094.120117,2070.290039,2084.419922,2089.139893,3884930000,2089.139893
11/25/15,2093,2086.300049,2089.300049,2088.870117,2852940000,2088.870117
11/27/15,2093.290039,2084.129883,2088.820068,2090.110107,1466840000,2090.110107
11/30/15,2093.810059,2080.409912,2090.949951,2080.409912,4275030000,2080.409912
12/1/15,2103.370117,2082.929932,2082.929932,2102.629883,3712120000,2102.629883
12/2/15,2104.27002,2077.110107,2101.709961,2079.51001,3950640000,2079.51001
12/3/15,2085,2042.349976,2080.709961,2049.620117,4306490000,2049.620117
12/4/15,2093.840088,2051.23999,2051.23999,2091.689941,4214910000,2091.689941
12/7/15,2090.419922,2066.780029,2090.419922,2077.070068,4043820000,2077.070068
12/8/15,2073.850098,2052.320068,2073.389893,2063.590088,4173570000,2063.590088
12/9/15,2080.330078,2036.530029,2061.169922,2047.619995,4385250000,2047.619995
12/10/15,2067.649902,2045.670044,2047.930054,2052.22998,3715150000,2052.22998
12/11/15,2047.27002,2008.800049,2047.27002,2012.369995,4301060000,2012.369995
12/14/15,2022.920044,1993.26001,2013.369995,2021.939941,4612440000,2021.939941
12/15/15,2053.870117,2025.550049,2025.550049,2043.410034,4353540000,2043.410034
12/16/15,2076.719971,2042.430054,2046.5,2073.070068,4635450000,2073.070068
12/17/15,2076.370117,2041.660034,2073.76001,2041.890015,4327390000,2041.890015
12/18/15,2040.810059,2005.329956,2040.810059,2005.550049,6683070000,2005.550049
12/21/15,2022.900024,2005.930054,2010.27002,2021.150024,3760280000,2021.150024
12/22/15,2042.73999,2020.48999,2023.150024,2038.969971,3520860000,2038.969971
12/23/15,2064.72998,2042.199951,2042.199951,2064.290039,3484090000,2064.290039
12/24/15,2067.360107,2058.72998,2063.52002,2060.98999,1411860000,2060.98999
12/28/15,2057.77002,2044.199951,2057.77002,2056.5,2492510000,2056.5
12/29/15,2081.560059,2060.540039,2060.540039,2078.360107,2542000000,2078.360107
12/30/15,2077.340088,2061.969971,2077.340088,2063.360107,2367430000,2063.360107
12/31/15,2062.540039,2043.619995,2060.590088,2043.939941,2655330000,2043.939941
1/4/16,2038.199951,1989.680054,2038.199951,2012.660034,4304880000,2012.660034
1/5/16,2021.939941,2004.170044,2013.780029,2016.709961,3706620000,2016.709961
1/6/16,2011.709961,1979.050049,2011.709961,1990.26001,4336660000,1990.26001
1/7/16,1985.319946,1938.829956,1985.319946,1943.089966,5076590000,1943.089966
1/8/16,1960.400024,1918.459961,1945.969971,1922.030029,4664940000,1922.030029
1/11/16,1935.650024,1901.099976,1926.119995,1923.670044,4607290000,1923.670044
1/12/16,1947.380005,1914.349976,1927.829956,1938.680054,4887260000,1938.680054
1/13/16,1950.329956,1886.410034,1940.339966,1890.280029,5087030000,1890.280029
1/14/16,1934.469971,1878.930054,1891.680054,1921.839966,5241110000,1921.839966
1/15/16,1916.680054,1857.829956,1916.680054,1880.329956,5468460000,1880.329956
1/19/16,1901.439941,1864.599976,1888.660034,1881.329956,4928350000,1881.329956
1/20/16,1876.180054,1812.290039,1876.180054,1859.329956,6416070000,1859.329956
1/21/16,1889.849976,1848.97998,1861.459961,1868.98999,5078810000,1868.98999
1/22/16,1908.849976,1877.400024,1877.400024,1906.900024,4901760000,1906.900024
1/25/16,1906.280029,1875.969971,1906.280029,1877.079956,4401380000,1877.079956
1/26/16,1906.72998,1878.790039,1878.790039,1903.630005,4357940000,1903.630005
1/27/16,1916.98999,1872.699951,1902.52002,1882.949951,4754040000,1882.949951
1/28/16,1902.959961,1873.650024,1885.219971,1893.359985,4693010000,1893.359985
1/29/16,1940.23999,1894,1894,1940.23999,5497570000,1940.23999
2/1/16,1947.199951,1920.300049,1936.939941,1939.380005,4322530000,1939.380005
2/2/16,1935.26001,1897.290039,1935.26001,1903.030029,4463190000,1903.030029
2/3/16,1918.01001,1872.22998,1907.069946,1912.530029,5172950000,1912.530029
2/4/16,1927.349976,1900.52002,1911.670044,1915.449951,5193320000,1915.449951
2/5/16,1913.069946,1872.650024,1913.069946,1880.050049,4929940000,1880.050049
2/8/16,1873.25,1828.459961,1873.25,1853.439941,5636460000,1853.439941
2/9/16,1868.25,1834.939941,1848.459961,1852.209961,5183220000,1852.209961
2/10/16,1881.599976,1850.319946,1857.099976,1851.859985,4471170000,1851.859985
2/11/16,1847,1810.099976,1847,1829.079956,5500800000,1829.079956
2/12/16,1864.780029,1833.400024,1833.400024,1864.780029,4696920000,1864.780029
2/16/16,1895.77002,1871.439941,1871.439941,1895.579956,4570670000,1895.579956
2/17/16,1930.680054,1898.800049,1898.800049,1926.819946,5011540000,1926.819946
2/18/16,1930,1915.089966,1927.569946,1917.829956,4436490000,1917.829956
2/19/16,1918.780029,1902.170044,1916.73999,1917.780029,4142850000,1917.780029
2/22/16,1946.699951,1924.439941,1924.439941,1945.5,4054710000,1945.5
2/23/16,1942.380005,1919.439941,1942.380005,1921.27002,3890650000,1921.27002
2/24/16,1932.079956,1891,1917.560059,1929.800049,4317250000,1929.800049
2/25/16,1951.829956,1925.410034,1931.869995,1951.699951,4118210000,1951.699951
2/26/16,1962.959961,1945.780029,1954.949951,1948.050049,4348510000,1948.050049
2/29/16,1958.27002,1931.810059,1947.130005,1932.22998,4588180000,1932.22998
3/1/16,1978.349976,1937.089966,1937.089966,1978.349976,4819750000,1978.349976
3/2/16,1986.51001,1968.800049,1976.599976,1986.449951,4666610000,1986.449951
3/3/16,1993.689941,1977.369995,1985.599976,1993.400024,5081700000,1993.400024
3/4/16,2009.130005,1986.77002,1994.01001,1999.98999,6049930000,1999.98999
3/7/16,2006.119995,1989.380005,1996.109985,2001.76001,4968180000,2001.76001
3/8/16,1996.880005,1977.430054,1996.880005,1979.26001,4641650000,1979.26001
3/9/16,1992.689941,1979.839966,1981.439941,1989.26001,4038120000,1989.26001
3/10/16,2005.079956,1969.25,1990.969971,1989.569946,4376790000,1989.569946
3/11/16,2022.369995,1994.709961,1994.709961,2022.189941,4078620000,2022.189941
3/14/16,2024.569946,2012.050049,2019.27002,2019.640015,3487850000,2019.640015
3/15/16,2015.939941,2005.22998,2015.27002,2015.930054,3560280000,2015.930054
3/16/16,2032.02002,2010.040039,2014.23999,2027.219971,4057020000,2027.219971
3/17/16,2046.23999,2022.160034,2026.900024,2040.589966,4530480000,2040.589966
3/18/16,2052.360107,2041.160034,2041.160034,2049.580078,6503140000,2049.580078
3/21/16,2053.909912,2043.140015,2047.880005,2051.600098,3376600000,2051.600098
3/22/16,2056.600098,2040.569946,2048.639893,2049.800049,3418460000,2049.800049
3/23/16,2048.550049,2034.859985,2048.550049,2036.709961,3639510000,2036.709961
3/24/16,2036.040039,2022.48999,2032.47998,2035.939941,3407720000,2035.939941
3/28/16,2042.670044,2031.959961,2037.890015,2037.050049,2809090000,2037.050049
3/29/16,2055.909912,2028.310059,2035.75,2055.01001,3822330000,2055.01001
3/30/16,2072.209961,2058.27002,2058.27002,2063.949951,3590310000,2063.949951
3/31/16,2067.919922,2057.459961,2063.77002,2059.73999,3715280000,2059.73999
4/1/16,2075.070068,2043.97998,2056.620117,2072.780029,3749990000,2072.780029
4/4/16,2074.02002,2062.570068,2073.189941,2066.129883,3485710000,2066.129883
4/5/16,2062.5,2042.560059,2062.5,2045.170044,4154920000,2045.170044
4/6/16,2067.330078,2043.089966,2045.560059,2066.659912,3750800000,2066.659912
4/7/16,2063.01001,2033.800049,2063.01001,2041.910034,3801250000,2041.910034
4/8/16,2060.629883,2041.689941,2045.540039,2047.599976,3359530000,2047.599976
4/11/16,2062.929932,2041.880005,2050.22998,2041.98999,3567840000,2041.98999
4/12/16,2065.050049,2039.73999,2043.719971,2061.719971,4239740000,2061.719971
4/13/16,2083.179932,2065.919922,2065.919922,2082.419922,4191830000,2082.419922
4/14/16,2087.840088,2078.129883,2082.889893,2082.780029,3765870000,2082.780029
4/15/16,2083.219971,2076.310059,2083.100098,2080.72998,3701450000,2080.72998
4/18/16,2094.659912,2073.649902,2078.830078,2094.340088,3316880000,2094.340088
4/19/16,2104.050049,2091.679932,2096.050049,2100.800049,3896830000,2100.800049
4/20/16,2111.050049,2096.320068,2101.52002,2102.399902,4184880000,2102.399902
4/21/16,2103.780029,2088.52002,2102.090088,2091.47998,4175290000,2091.47998
4/22/16,2094.320068,2081.199951,2091.48999,2091.580078,3790580000,2091.580078
4/25/16,2089.370117,2077.52002,2089.370117,2087.790039,3319740000,2087.790039
4/26/16,2096.870117,2085.800049,2089.840088,2091.699951,3557190000,2091.699951
4/27/16,2099.889893,2082.310059,2092.330078,2095.149902,4100110000,2095.149902
4/28/16,2099.300049,2071.620117,2090.929932,2075.810059,4309840000,2075.810059
4/29/16,2073.850098,2052.280029,2071.820068,2065.300049,4704720000,2065.300049
5/2/16,2083.419922,2066.110107,2067.169922,2081.429932,3841110000,2081.429932
5/3/16,2077.179932,2054.889893,2077.179932,2063.370117,4173390000,2063.370117
5/4/16,2060.300049,2045.550049,2060.300049,2051.120117,4058560000,2051.120117
5/5/16,2060.22998,2045.77002,2052.949951,2050.629883,4008530000,2050.629883
5/6/16,2057.719971,2039.449951,2047.77002,2057.139893,3796350000,2057.139893
5/9/16,2064.149902,2054.310059,2057.550049,2058.689941,3788620000,2058.689941
5/10/16,2084.870117,2062.629883,2062.629883,2084.389893,3600200000,2084.389893
5/11/16,2083.290039,2064.459961,2083.290039,2064.459961,3821980000,2064.459961
5/12/16,2073.98999,2053.129883,2067.169922,2064.110107,3782390000,2064.110107
5/13/16,2066.790039,2043.130005,2062.5,2046.609985,3579880000,2046.609985
5/16/16,2071.879883,2046.530029,2046.530029,2066.659912,3501360000,2066.659912
5/17/16,2065.689941,2040.819946,2065.040039,2047.209961,4108960000,2047.209961
5/18/16,2060.610107,2034.48999,2044.380005,2047.630005,4101320000,2047.630005
5/19/16,2044.209961,2025.910034,2044.209961,2040.040039,3846770000,2040.040039
5/20/16,2058.350098,2041.880005,2041.880005,2052.320068,3507650000,2052.320068
5/23/16,2055.580078,2047.26001,2052.22998,2048.040039,3055480000,2048.040039
5/24/16,2079.669922,2052.649902,2052.649902,2076.060059,3627340000,2076.060059
5/25/16,2094.72998,2078.929932,2078.929932,2090.540039,3859160000,2090.540039
5/26/16,2094.300049,2087.080078,2091.439941,2090.100098,3230990000,2090.100098
5/27/16,2099.060059,2090.060059,2090.060059,2099.060059,3079150000,2099.060059
5/31/16,2103.47998,2088.659912,2100.129883,2096.949951,4514410000,2096.949951
6/1/16,2100.969971,2085.100098,2093.939941,2099.330078,3525170000,2099.330078
6/2/16,2105.26001,2088.590088,2097.709961,2105.26001,3632720000,2105.26001
6/3/16,2104.070068,2085.360107,2104.070068,2099.129883,3627780000,2099.129883
6/6/16,2113.360107,2100.830078,2100.830078,2109.409912,3442020000,2109.409912
6/7/16,2119.219971,2110.179932,2110.179932,2112.129883,3534730000,2112.129883
6/8/16,2120.550049,2112.709961,2112.709961,2119.120117,3562060000,2119.120117
6/9/16,2117.639893,2107.72998,2115.649902,2115.47998,3290320000,2115.47998
6/10/16,2109.570068,2089.959961,2109.570068,2096.070068,3515010000,2096.070068
6/13/16,2098.120117,2078.459961,2091.75,2079.060059,3392030000,2079.060059
6/14/16,2081.300049,2064.100098,2076.649902,2075.320068,3759770000,2075.320068
6/15/16,2085.649902,2069.800049,2077.600098,2071.5,3544720000,2071.5
6/16/16,2079.620117,2050.370117,2066.360107,2077.98999,3628280000,2077.98999
6/17/16,2078.199951,2062.840088,2078.199951,2071.219971,4952630000,2071.219971
6/20/16,2100.659912,2075.580078,2075.580078,2083.25,3467440000,2083.25
6/21/16,2093.659912,2083.02002,2085.189941,2088.899902,3232880000,2088.899902
6/22/16,2099.709961,2084.360107,2089.75,2085.449951,3168160000,2085.449951
6/23/16,2113.320068,2092.800049,2092.800049,2113.320068,3297940000,2113.320068
6/24/16,2103.810059,2032.569946,2103.810059,2037.410034,7597450000,2037.410034
6/27/16,2031.449951,1991.680054,2031.449951,2000.540039,5431220000,2000.540039
6/28/16,2036.089966,2006.670044,2006.670044,2036.089966,4385810000,2036.089966
6/29/16,2073.129883,2042.689941,2042.689941,2070.77002,4241740000,2070.77002
6/30/16,2098.939941,2070,2073.169922,2098.860107,4622820000,2098.860107
7/1/16,2108.709961,2097.899902,2099.340088,2102.949951,3458890000,2102.949951
7/5/16,2095.050049,2080.860107,2095.050049,2088.550049,3658380000,2088.550049
7/6/16,2100.719971,2074.02002,2084.429932,2099.72998,3909380000,2099.72998
7/7/16,2109.080078,2089.389893,2100.419922,2097.899902,3604550000,2097.899902
7/8/16,2131.709961,2106.969971,2106.969971,2129.899902,3607500000,2129.899902
7/11/16,2143.159912,2131.719971,2131.719971,2137.159912,3253340000,2137.159912
7/12/16,2155.399902,2139.5,2139.5,2152.139893,4097820000,2152.139893
7/13/16,2156.449951,2146.209961,2153.810059,2152.429932,3502320000,2152.429932
7/14/16,2168.98999,2157.879883,2157.879883,2163.75,3465610000,2163.75
7/15/16,2169.050049,2155.790039,2165.129883,2161.73999,3122600000,2161.73999
7/18/16,2168.350098,2159.629883,2162.040039,2166.889893,3009310000,2166.889893
7/19/16,2164.629883,2159.01001,2163.790039,2163.780029,2968340000,2163.780029
7/20/16,2175.629883,2164.889893,2166.100098,2173.02002,3211860000,2173.02002
7/21/16,2174.560059,2159.75,2172.909912,2165.169922,3438900000,2165.169922
7/22/16,2175.110107,2163.23999,2166.469971,2175.030029,3023280000,2175.030029
7/25/16,2173.709961,2161.949951,2173.709961,2168.47998,3057240000,2168.47998
7/26/16,2173.540039,2160.179932,2168.969971,2169.179932,3442350000,2169.179932
7/27/16,2174.97998,2159.070068,2169.810059,2166.580078,3995500000,2166.580078
7/28/16,2172.850098,2159.73999,2166.050049,2170.060059,3664240000,2170.060059
7/29/16,2177.090088,2163.48999,2168.830078,2173.600098,4038840000,2173.600098
8/1/16,2178.290039,2166.209961,2173.149902,2170.840088,3505990000,2170.840088
8/2/16,2170.199951,2147.580078,2169.939941,2157.030029,3848750000,2157.030029
8/3/16,2163.790039,2152.560059,2156.810059,2163.790039,3786530000,2163.790039
8/4/16,2168.189941,2159.070068,2163.51001,2164.25,3709200000,2164.25
8/5/16,2182.870117,2168.790039,2168.790039,2182.870117,3663070000,2182.870117
8/8/16,2185.439941,2177.850098,2183.76001,2180.889893,3327550000,2180.889893
8/9/16,2187.659912,2178.610107,2182.23999,2181.73999,3334300000,2181.73999
8/10/16,2183.409912,2172,2182.810059,2175.48999,3254950000,2175.48999
8/11/16,2188.449951,2177.969971,2177.969971,2185.790039,3423160000,2185.790039
8/12/16,2186.280029,2179.419922,2183.73999,2184.050049,3000660000,2184.050049
8/15/16,2193.810059,2186.080078,2186.080078,2190.149902,3078530000,2190.149902
8/16/16,2186.23999,2178.139893,2186.23999,2178.149902,3196400000,2178.149902
8/17/16,2183.080078,2168.5,2177.840088,2182.219971,3388910000,2182.219971
8/18/16,2187.030029,2180.459961,2181.899902,2187.02002,3300570000,2187.02002
8/19/16,2185,2175.129883,2184.23999,2183.870117,3084800000,2183.870117
8/22/16,2185.149902,2175.959961,2181.580078,2182.639893,2777550000,2182.639893
8/23/16,2193.419922,2186.800049,2187.810059,2186.899902,3041490000,2186.899902
8/24/16,2186.659912,2171.25,2185.090088,2175.439941,3148280000,2175.439941
8/25/16,2179,2169.73999,2173.290039,2172.469971,2969310000,2172.469971
8/26/16,2187.939941,2160.389893,2175.100098,2169.040039,3342340000,2169.040039
8/29/16,2183.47998,2170.189941,2170.189941,2180.379883,2654780000,2180.379883
8/30/16,2182.27002,2170.409912,2179.449951,2176.120117,3006800000,2176.120117
8/31/16,2173.790039,2161.350098,2173.560059,2170.949951,3766390000,2170.949951
9/1/16,2173.560059,2157.090088,2171.330078,2170.860107,3392120000,2170.860107
9/2/16,2184.870117,2173.590088,2177.48999,2179.97998,3091120000,2179.97998
9/6/16,2186.570068,2175.100098,2181.610107,2186.47998,3447650000,2186.47998
9/7/16,2187.870117,2179.070068,2185.169922,2186.159912,3319420000,2186.159912
9/8/16,2184.939941,2177.48999,2182.76001,2181.300049,3727840000,2181.300049
9/9/16,2169.080078,2127.810059,2169.080078,2127.810059,4233960000,2127.810059
9/12/16,2163.300049,2119.120117,2120.860107,2159.040039,4010480000,2159.040039
9/13/16,2150.469971,2120.27002,2150.469971,2127.02002,4141670000,2127.02002
9/14/16,2141.330078,2119.899902,2127.860107,2125.77002,3664100000,2125.77002
9/15/16,2151.310059,2122.360107,2125.360107,2147.26001,3373720000,2147.26001
9/16/16,2146.47998,2131.199951,2146.47998,2139.159912,5014360000,2139.159912
9/19/16,2153.610107,2135.909912,2143.98999,2139.120117,3163000000,2139.120117
9/20/16,2150.800049,2139.169922,2145.939941,2139.76001,3140730000,2139.76001
9/21/16,2165.110107,2139.570068,2144.580078,2163.120117,3712090000,2163.120117
9/22/16,2179.98999,2170.939941,2170.939941,2177.179932,3552830000,2177.179932
9/23/16,2173.75,2163.969971,2173.290039,2164.689941,3317190000,2164.689941
9/26/16,2158.540039,2145.040039,2158.540039,2146.100098,3216170000,2146.100098
9/27/16,2161.129883,2141.550049,2146.040039,2159.929932,3437770000,2159.929932
9/28/16,2172.399902,2151.790039,2161.850098,2171.370117,3891460000,2171.370117
9/29/16,2172.669922,2145.199951,2168.899902,2151.129883,4249220000,2151.129883
9/30/16,2175.300049,2156.51001,2156.51001,2168.27002,4173340000,2168.27002
10/3/16,2164.409912,2154.77002,2164.330078,2161.199951,3137550000,2161.199951
10/4/16,2165.459961,2144.01001,2163.370117,2150.48999,3750890000,2150.48999
10/5/16,2163.949951,2155.149902,2155.149902,2159.72998,3906550000,2159.72998
10/6/16,2162.929932,2150.280029,2158.219971,2160.77002,3461550000,2160.77002
10/7/16,2165.860107,2144.850098,2164.189941,2153.73999,3619890000,2153.73999
10/10/16,2169.600098,2160.389893,2160.389893,2163.659912,2916550000,2163.659912
10/11/16,2161.560059,2128.840088,2161.350098,2136.72998,3438270000,2136.72998
10/12/16,2145.360107,2132.77002,2137.669922,2139.179932,2977100000,2139.179932
10/13/16,2138.189941,2114.719971,2130.26001,2132.550049,3580450000,2132.550049
10/14/16,2149.189941,2132.97998,2139.679932,2132.97998,3228150000,2132.97998
10/17/16,2135.610107,2124.429932,2132.949951,2126.5,2830390000,2126.5
10/18/16,2144.379883,2135.48999,2138.310059,2139.600098,3170000000,2139.600098
10/19/16,2148.439941,2138.149902,2140.810059,2144.290039,3362670000,2144.290039
10/20/16,2147.179932,2133.439941,2142.51001,2141.340088,3337170000,2141.340088
10/21/16,2142.629883,2130.090088,2139.429932,2141.159912,3448850000,2141.159912
10/24/16,2154.790039,2146.909912,2148.5,2151.330078,3357320000,2151.330078
10/25/16,2151.439941,2141.929932,2149.719971,2143.159912,3751340000,2143.159912
10/26/16,2145.72998,2131.590088,2136.969971,2139.429932,3775200000,2139.429932
10/27/16,2147.129883,2132.52002,2144.060059,2133.040039,4204830000,2133.040039
10/28/16,2140.719971,2119.360107,2132.22998,2126.409912,4019510000,2126.409912
10/31/16,2133.25,2125.530029,2129.780029,2126.149902,3922400000,2126.149902
11/1/16,2131.449951,2097.850098,2128.679932,2111.719971,4532160000,2111.719971
11/2/16,2111.76001,2094,2109.429932,2097.939941,4248580000,2097.939941
11/3/16,2102.560059,2085.22998,2098.800049,2088.659912,3886740000,2088.659912
11/4/16,2099.070068,2083.790039,2083.790039,2085.179932,3837860000,2085.179932
11/7/16,2132,2100.590088,2100.590088,2131.52002,3736060000,2131.52002
11/8/16,2146.870117,2123.560059,2129.919922,2139.560059,3916930000,2139.560059
11/9/16,2170.100098,2125.350098,2131.560059,2163.26001,6264150000,2163.26001
11/10/16,2182.300049,2151.169922,2167.48999,2167.47998,6451640000,2167.47998
11/11/16,2165.919922,2152.48999,2162.709961,2164.449951,4988050000,2164.449951
11/14/16,2171.360107,2156.080078,2165.639893,2164.199951,5367200000,2164.199951
11/15/16,2180.840088,2166.379883,2168.290039,2180.389893,4543860000,2180.389893
11/16/16,2179.219971,2172.199951,2177.530029,2176.939941,3830590000,2176.939941
11/17/16,2188.060059,2176.649902,2178.610107,2187.120117,3809160000,2187.120117
11/18/16,2189.889893,2180.379883,2186.850098,2181.899902,3572400000,2181.899902
11/21/16,2198.699951,2186.429932,2186.429932,2198.179932,3607010000,2198.179932
11/22/16,2204.800049,2194.51001,2201.560059,2202.939941,3957940000,2202.939941
11/23/16,2204.719971,2194.51001,2198.550049,2204.719971,3418640000,2204.719971
11/25/16,2213.350098,2206.27002,2206.27002,2213.350098,1584600000,2213.350098
11/28/16,2211.139893,2200.360107,2210.209961,2201.719971,3505650000,2201.719971
11/29/16,2210.459961,2198.149902,2200.76001,2204.659912,3706560000,2204.659912
11/30/16,2214.100098,2198.810059,2204.969971,2198.810059,5533980000,2198.810059
12/1/16,2202.600098,2187.439941,2200.169922,2191.080078,5063740000,2191.080078
12/2/16,2197.949951,2188.370117,2191.120117,2191.949951,3779500000,2191.949951
12/5/16,2209.419922,2199.969971,2200.649902,2204.709961,3895230000,2204.709961
12/6/16,2212.780029,2202.209961,2207.26001,2212.22998,3855320000,2212.22998
12/7/16,2241.629883,2208.929932,2210.719971,2241.350098,4501820000,2241.350098
12/8/16,2251.689941,2237.570068,2241.129883,2246.189941,4200580000,2246.189941
12/9/16,2259.800049,2249.22998,2249.72998,2259.530029,3884480000,2259.530029
12/12/16,2264.030029,2252.370117,2258.830078,2256.959961,4034510000,2256.959961
12/13/16,2277.530029,2263.320068,2263.320068,2271.719971,3857590000,2271.719971
12/14/16,2276.199951,2248.439941,2268.350098,2253.280029,4406970000,2253.280029
12/15/16,2272.120117,2253.77002,2253.77002,2262.030029,4168200000,2262.030029
12/16/16,2268.050049,2254.23999,2266.810059,2258.070068,5920340000,2258.070068
12/19/16,2267.469971,2258.209961,2259.23999,2262.530029,3248370000,2262.530029
12/20/16,2272.560059,2266.139893,2266.5,2270.76001,3298780000,2270.76001
12/21/16,2271.22998,2265.149902,2270.540039,2265.179932,2852230000,2265.179932
12/22/16,2263.179932,2256.080078,2262.929932,2260.959961,2876320000,2260.959961
12/23/16,2263.790039,2258.840088,2260.25,2263.790039,2020550000,2263.790039
12/27/16,2273.820068,2266.149902,2266.22998,2268.879883,1987080000,2268.879883
12/28/16,2271.310059,2249.110107,2270.22998,2249.919922,2392360000,2249.919922
12/29/16,2254.51001,2244.560059,2249.5,2249.26001,2336370000,2249.26001
12/30/16,2253.580078,2233.620117,2251.610107,2238.830078,2670900000,2238.830078
1/3/17,2263.879883,2245.129883,2251.570068,2257.830078,3770530000,2257.830078
1/4/17,2272.820068,2261.600098,2261.600098,2270.75,3764890000,2270.75
1/5/17,2271.5,2260.449951,2268.179932,2269,3761820000,2269
1/6/17,2282.100098,2264.060059,2271.139893,2276.97998,3339890000,2276.97998
1/9/17,2275.48999,2268.899902,2273.590088,2268.899902,3217610000,2268.899902
1/10/17,2279.27002,2265.27002,2269.719971,2268.899902,3638790000,2268.899902
1/11/17,2275.320068,2260.830078,2268.600098,2275.320068,3620410000,2275.320068
1/12/17,2271.780029,2254.25,2271.139893,2270.439941,3462130000,2270.439941
1/13/17,2278.679932,2271.51001,2272.73999,2274.639893,3081270000,2274.639893
1/17/17,2272.080078,2262.810059,2269.139893,2267.889893,3584990000,2267.889893
1/18/17,2272.01001,2263.350098,2269.139893,2271.889893,3315250000,2271.889893
1/19/17,2274.330078,2258.409912,2271.899902,2263.689941,3165970000,2263.689941
1/20/17,2276.959961,2265.01001,2269.959961,2271.310059,3524970000,2271.310059
1/23/17,2271.780029,2257.02002,2267.780029,2265.199951,3152710000,2265.199951
1/24/17,2284.629883,2266.679932,2267.879883,2280.070068,3810960000,2280.070068
1/25/17,2299.550049,2288.879883,2288.879883,2298.370117,3846020000,2298.370117
1/26/17,2300.98999,2294.080078,2298.629883,2296.679932,3610360000,2296.679932
1/27/17,2299.02002,2291.620117,2299.02002,2294.689941,3135890000,2294.689941
1/30/17,2286.01001,2268.040039,2286.01001,2280.899902,3591270000,2280.899902
1/31/17,2279.090088,2267.209961,2274.02002,2278.870117,4087450000,2278.870117
2/1/17,2289.139893,2272.439941,2285.590088,2279.550049,3916610000,2279.550049
2/2/17,2283.969971,2271.649902,2276.689941,2280.850098,3807710000,2280.850098
2/3/17,2298.310059,2287.879883,2288.540039,2297.419922,3597970000,2297.419922
2/6/17,2296.179932,2288.570068,2294.280029,2292.560059,3109050000,2292.560059
2/7/17,2299.399902,2290.159912,2295.870117,2293.080078,3448690000,2293.080078
2/8/17,2295.909912,2285.379883,2289.550049,2294.669922,3609740000,2294.669922
2/9/17,2311.080078,2296.610107,2296.699951,2307.870117,3677940000,2307.870117
2/10/17,2319.22998,2311.100098,2312.27002,2316.100098,3475020000,2316.100098
2/13/17,2331.580078,2321.419922,2321.719971,2328.25,3349730000,2328.25
2/14/17,2337.580078,2322.169922,2326.120117,2337.580078,3520910000,2337.580078
2/15/17,2351.300049,2334.810059,2335.580078,2349.25,3775590000,2349.25
2/16/17,2351.310059,2338.870117,2349.639893,2347.219971,3672370000,2347.219971
2/17/17,2351.159912,2339.580078,2343.01001,2351.159912,3513060000,2351.159912
2/21/17,2366.709961,2354.909912,2354.909912,2365.379883,3579780000,2365.379883
2/22/17,2365.129883,2358.340088,2361.110107,2362.820068,3468670000,2362.820068
2/23/17,2368.26001,2355.090088,2367.5,2363.810059,4015260000,2363.810059
2/24/17,2367.340088,2352.870117,2355.72998,2367.340088,3831570000,2367.340088
2/27/17,2371.540039,2361.870117,2365.22998,2369.75,3582610000,2369.75
2/28/17,2367.790039,2358.959961,2366.080078,2363.639893,4210140000,2363.639893
3/1/17,2400.97998,2380.129883,2380.129883,2395.959961,4345180000,2395.959961
3/2/17,2394.75,2380.169922,2394.75,2381.919922,3821320000,2381.919922
3/3/17,2383.889893,2375.389893,2380.919922,2383.120117,3555260000,2383.120117
3/6/17,2378.800049,2367.97998,2375.22998,2375.310059,3232700000,2375.310059
3/7/17,2375.120117,2365.51001,2370.73999,2368.389893,3518390000,2368.389893
3/8/17,2373.090088,2361.01001,2369.810059,2362.97998,3812100000,2362.97998
3/9/17,2369.080078,2354.540039,2363.48999,2364.870117,3716340000,2364.870117
3/10/17,2376.860107,2363.040039,2372.52002,2372.600098,3432950000,2372.600098
3/13/17,2374.419922,2368.52002,2371.560059,2373.469971,3133900000,2373.469971
3/14/17,2368.550049,2358.179932,2368.550049,2365.449951,3172630000,2365.449951
3/15/17,2390.01001,2368.939941,2370.340088,2385.26001,3906840000,2385.26001
3/16/17,2388.100098,2377.179932,2387.709961,2381.379883,3365660000,2381.379883
3/17/17,2385.709961,2377.639893,2383.709961,2378.25,5178040000,2378.25
3/20/17,2379.550049,2369.659912,2378.23999,2373.469971,3054930000,2373.469971
3/21/17,2381.929932,2341.899902,2379.320068,2344.02002,4265590000,2344.02002
3/22/17,2351.810059,2336.449951,2343,2348.449951,3572730000,2348.449951
3/23/17,2358.919922,2342.129883,2345.969971,2345.959961,3260600000,2345.959961
3/24/17,2356.219971,2335.73999,2350.419922,2343.97998,2975130000,2343.97998
3/27/17,2344.899902,2322.25,2329.110107,2341.590088,3240230000,2341.590088
3/28/17,2363.780029,2337.629883,2339.790039,2358.570068,3367780000,2358.570068
3/29/17,2363.360107,2352.939941,2356.540039,2361.129883,3106940000,2361.129883
3/30/17,2370.419922,2358.580078,2361.310059,2368.060059,3158420000,2368.060059
3/31/17,2370.350098,2362.600098,2364.820068,2362.719971,3354110000,2362.719971
4/3/17,2365.870117,2344.72998,2362.340088,2358.840088,3416400000,2358.840088
4/4/17,2360.530029,2350.719971,2354.76001,2360.159912,3206240000,2360.159912
4/5/17,2378.360107,2350.52002,2366.590088,2352.949951,3770520000,2352.949951
4/6/17,2364.159912,2348.899902,2353.790039,2357.48999,3201920000,2357.48999
4/7/17,2363.76001,2350.73999,2356.590088,2355.540039,3053150000,2355.540039
4/10/17,2366.370117,2351.5,2357.159912,2357.159912,2785410000,2357.159912
4/11/17,2355.219971,2337.25,2353.919922,2353.780029,3117420000,2353.780029
4/12/17,2352.719971,2341.179932,2352.149902,2344.929932,3196950000,2344.929932
4/13/17,2348.26001,2328.949951,2341.97998,2328.949951,3143890000,2328.949951
4/17/17,2349.139893,2332.51001,2332.620117,2349.01001,2824710000,2349.01001
4/18/17,2348.350098,2334.540039,2342.530029,2342.189941,3269840000,2342.189941
4/19/17,2352.629883,2335.050049,2346.790039,2338.169922,3519900000,2338.169922
4/20/17,2361.370117,2340.909912,2342.689941,2355.840088,3647420000,2355.840088
4/21/17,2356.179932,2344.51001,2354.73999,2348.689941,3503360000,2348.689941
4/24/17,2376.97998,2369.189941,2370.330078,2374.149902,3690650000,2374.149902
4/25/17,2392.47998,2381.149902,2381.51001,2388.610107,3995240000,2388.610107
4/26/17,2398.159912,2386.780029,2388.97998,2387.449951,4105920000,2387.449951
4/27/17,2392.100098,2382.679932,2389.699951,2388.77002,4098460000,2388.77002
4/28/17,2393.679932,2382.360107,2393.679932,2384.199951,3718270000,2384.199951
5/1/17,2394.48999,2384.830078,2388.5,2388.330078,3199240000,2388.330078
5/2/17,2392.929932,2385.820068,2391.050049,2391.169922,3813680000,2391.169922
5/3/17,2389.820068,2379.75,2386.5,2388.129883,3893990000,2388.129883
5/4/17,2391.429932,2380.350098,2389.790039,2389.52002,4362540000,2389.52002
5/5/17,2399.290039,2389.379883,2392.370117,2399.290039,3540140000,2399.290039
5/8/17,2401.360107,2393.919922,2399.939941,2399.379883,3429440000,2399.379883
5/9/17,2403.870117,2392.439941,2401.580078,2396.919922,3653590000,2396.919922
5/10/17,2399.73999,2392.790039,2396.790039,2399.629883,3643530000,2399.629883
5/11/17,2395.719971,2381.73999,2394.840088,2394.439941,3727420000,2394.439941
5/12/17,2392.439941,2387.189941,2392.439941,2390.899902,3305630000,2390.899902
5/15/17,2404.050049,2393.939941,2393.97998,2402.320068,3473600000,2402.320068
5/16/17,2405.77002,2396.050049,2404.550049,2400.669922,3420790000,2400.669922
5/17/17,2384.870117,2356.209961,2382.949951,2357.030029,4163000000,2357.030029
5/18/17,2375.73999,2352.719971,2354.689941,2365.719971,4319420000,2365.719971
5/19/17,2389.060059,2370.429932,2371.370117,2381.72998,3825160000,2381.72998
5/22/17,2395.459961,2386.919922,2387.209961,2394.02002,3172830000,2394.02002
5/23/17,2400.850098,2393.879883,2397.040039,2398.419922,3213570000,2398.419922
5/24/17,2405.580078,2397.98999,2401.409912,2404.389893,3389900000,2404.389893
5/25/17,2418.709961,2408.01001,2409.540039,2415.070068,3535390000,2415.070068
5/26/17,2416.679932,2412.199951,2414.5,2415.820068,2805040000,2415.820068
5/30/17,2415.26001,2409.429932,2411.669922,2412.909912,3203160000,2412.909912
5/31/17,2415.98999,2403.590088,2415.629883,2411.800049,4516110000,2411.800049
6/1/17,2430.060059,2413.540039,2415.649902,2430.060059,3857140000,2430.060059
6/2/17,2440.22998,2427.709961,2431.280029,2439.070068,3461680000,2439.070068
6/5/17,2439.550049,2434.320068,2437.830078,2436.100098,2912600000,2436.100098
6/6/17,2436.209961,2428.120117,2431.919922,2429.330078,3357840000,2429.330078
6/7/17,2435.280029,2424.75,2432.030029,2433.139893,3572300000,2433.139893
6/8/17,2439.27002,2427.939941,2434.27002,2433.790039,3728860000,2433.790039
6/9/17,2446.199951,2415.699951,2436.389893,2431.77002,4027340000,2431.77002
6/12/17,2430.379883,2419.969971,2425.879883,2429.389893,4027750000,2429.389893
6/13/17,2441.48999,2431.280029,2434.149902,2440.350098,3275500000,2440.350098
6/14/17,2443.75,2428.340088,2443.75,2437.919922,3555590000,2437.919922
6/15/17,2433.949951,2418.530029,2424.139893,2432.459961,3353050000,2432.459961
6/16/17,2433.149902,2422.879883,2431.23999,2433.149902,5284720000,2433.149902
6/19/17,2453.820068,2441.790039,2442.550049,2453.459961,3264700000,2453.459961
6/20/17,2450.659912,2436.600098,2450.659912,2437.030029,3416510000,2437.030029
6/21/17,2442.22998,2430.73999,2439.310059,2435.610107,3594820000,2435.610107
6/22/17,2441.620117,2433.27002,2437.399902,2434.5,3468210000,2434.5
6/23/17,2441.399902,2431.110107,2434.649902,2438.300049,5278330000,2438.300049
6/26/17,2450.419922,2437.030029,2443.320068,2439.070068,3238970000,2439.070068
6/27/17,2440.149902,2419.379883,2436.340088,2419.379883,3563910000,2419.379883
6/28/17,2442.969971,2428.02002,2428.699951,2440.689941,3500800000,2440.689941
6/29/17,2442.72998,2405.699951,2442.379883,2419.699951,3900280000,2419.699951
6/30/17,2432.709961,2421.649902,2429.199951,2423.409912,3361590000,2423.409912
7/3/17,2439.169922,2428.689941,2431.389893,2429.01001,1962290000,2429.01001
7/5/17,2434.899902,2422.050049,2430.780029,2432.540039,3367220000,2432.540039
7/6/17,2424.280029,2407.699951,2423.439941,2409.75,3364520000,2409.75
7/7/17,2426.919922,2413.52002,2413.52002,2425.179932,2901330000,2425.179932
7/10/17,2432,2422.27002,2424.51001,2427.429932,2999130000,2427.429932
7/11/17,2429.300049,2412.790039,2427.350098,2425.530029,3106750000,2425.530029
7/12/17,2445.76001,2435.75,2435.75,2443.25,3171620000,2443.25
7/13/17,2449.320068,2441.689941,2444.98999,2447.830078,3067670000,2447.830078
7/14/17,2463.540039,2446.689941,2449.159912,2459.27002,2736640000,2459.27002
7/17/17,2462.820068,2457.159912,2459.5,2459.139893,2793170000,2459.139893
7/18/17,2460.919922,2450.340088,2455.879883,2460.610107,2962130000,2460.610107
7/19/17,2473.830078,2463.850098,2463.850098,2473.830078,3059760000,2473.830078
7/20/17,2477.620117,2468.429932,2475.560059,2473.449951,3182780000,2473.449951
7/21/17,2472.540039,2465.060059,2467.399902,2472.540039,3059570000,2472.540039
7/24/17,2473.100098,2466.320068,2472.040039,2469.909912,3010240000,2469.909912
7/25/17,2481.23999,2474.909912,2477.879883,2477.129883,4108060000,2477.129883
7/26/17,2481.689941,2474.939941,2479.969971,2477.830078,3557020000,2477.830078
7/27/17,2484.040039,2459.929932,2482.76001,2475.419922,3995520000,2475.419922
7/28/17,2473.530029,2464.659912,2469.120117,2472.100098,3294770000,2472.100098
7/31/17,2477.959961,2468.530029,2475.939941,2470.300049,3469210000,2470.300049
8/1/17,2478.51001,2471.139893,2477.100098,2476.350098,3460860000,2476.350098
8/2/17,2480.379883,2466.47998,2480.379883,2477.570068,3478580000,2477.570068
8/3/17,2476.030029,2468.850098,2476.030029,2472.159912,3645020000,2472.159912
8/4/17,2480,2472.080078,2476.879883,2476.830078,3235140000,2476.830078
8/7/17,2480.949951,2475.879883,2477.139893,2480.909912,2931780000,2480.909912
8/8/17,2490.870117,2470.320068,2478.350098,2474.919922,3344640000,2474.919922
8/9/17,2474.409912,2462.080078,2465.350098,2474.02002,3308060000,2474.02002
8/10/17,2465.379883,2437.75,2465.379883,2438.209961,3621070000,2438.209961
8/11/17,2448.090088,2437.850098,2441.040039,2441.320068,3159930000,2441.320068
8/14/17,2468.219971,2454.959961,2454.959961,2465.840088,2822550000,2465.840088
8/15/17,2468.899902,2461.610107,2468.659912,2464.610107,2913100000,2464.610107
8/16/17,2474.929932,2463.860107,2468.629883,2468.110107,2953650000,2468.110107
8/17/17,2465.02002,2430.01001,2462.949951,2430.01001,3142620000,2430.01001
8/18/17,2440.27002,2420.689941,2427.639893,2425.550049,3415680000,2425.550049
8/21/17,2430.580078,2417.350098,2425.5,2428.370117,2788150000,2428.370117
8/22/17,2454.77002,2433.669922,2433.75,2452.51001,2777490000,2452.51001
8/23/17,2448.909912,2441.419922,2444.879883,2444.040039,2785290000,2444.040039
8/24/17,2450.389893,2436.189941,2447.909912,2438.969971,2846590000,2438.969971
8/25/17,2453.959961,2442.219971,2444.719971,2443.050049,2588780000,2443.050049
8/28/17,2449.120117,2439.030029,2447.350098,2444.23999,2677700000,2444.23999
8/29/17,2449.189941,2428.199951,2431.939941,2446.300049,2737580000,2446.300049
8/30/17,2460.310059,2443.77002,2446.060059,2457.590088,2633660000,2457.590088
8/31/17,2475.01001,2462.649902,2462.649902,2471.649902,3348110000,2471.649902
9/1/17,2480.379883,2473.850098,2474.419922,2476.550049,2710730000,2476.550049
9/5/17,2471.969971,2446.550049,2470.350098,2457.850098,3490260000,2457.850098
9/6/17,2469.639893,2459.199951,2463.830078,2465.540039,3374410000,2465.540039
9/7/17,2468.620117,2460.290039,2468.060059,2465.100098,3353930000,2465.100098
9/8/17,2467.110107,2459.399902,2462.25,2461.429932,3302490000,2461.429932
9/11/17,2488.949951,2474.52002,2474.52002,2488.110107,3291760000,2488.110107
9/12/17,2496.77002,2490.370117,2491.939941,2496.47998,3230920000,2496.47998
9/13/17,2498.370117,2492.139893,2493.889893,2498.370117,3368050000,2498.370117
9/14/17,2498.429932,2491.350098,2494.560059,2495.620117,3414460000,2495.620117
9/15/17,2500.22998,2493.159912,2495.669922,2500.22998,4853170000,2500.22998
9/18/17,2508.320068,2499.919922,2502.51001,2503.870117,3194300000,2503.870117
9/19/17,2507.840088,2503.189941,2506.290039,2506.649902,3249100000,2506.649902
9/20/17,2508.850098,2496.669922,2506.840088,2508.23999,3530010000,2508.23999
9/21/17,2507.159912,2499,2507.159912,2500.600098,2930860000,2500.600098
9/22/17,2503.469971,2496.540039,2497.26001,2502.219971,2865960000,2502.219971
9/25/17,2502.540039,2488.030029,2499.389893,2496.659912,3297890000,2496.659912
9/26/17,2503.51001,2495.120117,2501.040039,2496.840088,3043110000,2496.840088
9/27/17,2511.75,2495.909912,2503.300049,2507.040039,3456030000,2507.040039
9/28/17,2510.810059,2502.929932,2503.409912,2510.060059,3168620000,2510.060059
9/29/17,2519.439941,2507.98999,2509.959961,2519.360107,3211920000,2519.360107
10/2/17,2529.22998,2520.399902,2521.199951,2529.120117,3199730000,2529.120117
10/3/17,2535.129883,2528.850098,2530.340088,2534.580078,3068850000,2534.580078
10/4/17,2540.530029,2531.800049,2533.47998,2537.73999,3017120000,2537.73999
10/5/17,2552.51001,2540.02002,2540.860107,2552.070068,3045120000,2552.070068
10/6/17,2549.409912,2543.790039,2547.439941,2549.330078,2884570000,2549.330078
10/9/17,2551.820068,2541.600098,2551.389893,2544.72998,2483970000,2544.72998
10/10/17,2555.22998,2544.860107,2549.98999,2550.639893,2960500000,2550.639893
10/11/17,2555.23999,2547.949951,2550.620117,2555.23999,2976090000,2555.23999
10/12/17,2555.330078,2548.310059,2552.879883,2550.929932,3151510000,2550.929932
10/13/17,2557.649902,2552.090088,2555.659912,2553.169922,3149440000,2553.169922
10/16/17,2559.469971,2552.639893,2555.570068,2557.639893,2916020000,2557.639893
10/17/17,2559.709961,2554.689941,2557.169922,2559.360107,2889390000,2559.360107
10/18/17,2564.110107,2559.669922,2562.870117,2561.26001,2998090000,2561.26001
10/19/17,2562.360107,2547.919922,2553.389893,2562.100098,2990710000,2562.100098
10/20/17,2575.439941,2567.560059,2567.560059,2575.209961,3384650000,2575.209961
10/23/17,2578.290039,2564.330078,2578.080078,2564.97998,3211710000,2564.97998
10/24/17,2572.179932,2565.580078,2568.659912,2569.129883,3427330000,2569.129883
10/25/17,2567.399902,2544,2566.52002,2557.149902,3874510000,2557.149902
10/26/17,2567.070068,2559.800049,2560.080078,2560.399902,3869050000,2560.399902
10/27/17,2582.97998,2565.939941,2570.26001,2581.070068,3887110000,2581.070068
10/30/17,2580.030029,2568.25,2577.75,2572.830078,3658870000,2572.830078
10/31/17,2578.290039,2572.149902,2575.98999,2575.26001,3827230000,2575.26001
11/1/17,2588.399902,2574.919922,2583.209961,2579.360107,3813180000,2579.360107
11/2/17,2581.110107,2566.169922,2579.459961,2579.850098,4048270000,2579.850098
11/3/17,2588.419922,2576.77002,2581.929932,2587.840088,3567710000,2587.840088
11/6/17,2593.379883,2585.659912,2587.469971,2591.129883,3539080000,2591.129883
11/7/17,2597.02002,2584.350098,2592.110107,2590.639893,3809650000,2590.639893
11/8/17,2595.469971,2585.02002,2588.709961,2594.379883,3899360000,2594.379883
11/9/17,2586.5,2566.330078,2584,2584.620117,3831610000,2584.620117
11/10/17,2583.810059,2575.570068,2580.179932,2582.300049,3486910000,2582.300049
11/13/17,2587.659912,2574.47998,2576.530029,2584.840088,3402930000,2584.840088
11/14/17,2579.659912,2566.560059,2577.75,2578.870117,3641760000,2578.870117
11/15/17,2572.840088,2557.449951,2569.449951,2564.620117,3558890000,2564.620117
11/16/17,2590.090088,2572.949951,2572.949951,2585.639893,3312710000,2585.639893
11/17/17,2583.959961,2577.620117,2582.939941,2578.850098,3300160000,2578.850098
11/20/17,2584.639893,2578.23999,2579.48999,2582.139893,3003540000,2582.139893
11/21/17,2601.189941,2589.169922,2589.169922,2599.030029,3332720000,2599.030029
11/22/17,2600.939941,2595.22998,2600.310059,2597.080078,2762950000,2597.080078
11/24/17,2604.209961,2600.419922,2600.419922,2602.419922,1349780000,2602.419922
11/27/17,2606.409912,2598.870117,2602.659912,2601.419922,3006860000,2601.419922
11/28/17,2627.689941,2605.439941,2605.939941,2627.040039,3488420000,2627.040039
11/29/17,2634.889893,2620.320068,2627.820068,2626.070068,4078280000,2626.070068
11/30/17,2657.73999,2633.929932,2633.929932,2647.580078,4938490000,2647.580078
12/1/17,2650.620117,2605.52002,2645.100098,2642.219971,3942320000,2642.219971
12/4/17,2665.189941,2639.030029,2657.189941,2639.439941,4023150000,2639.439941
12/5/17,2648.719971,2627.72998,2639.780029,2629.570068,3539040000,2629.570068
12/6/17,2634.409912,2624.75,2626.23999,2629.27002,3229000000,2629.27002
12/7/17,2640.98999,2626.530029,2628.379883,2636.97998,3292400000,2636.97998
12/8/17,2651.649902,2644.100098,2646.209961,2651.5,3106150000,2651.5
12/11/17,2660.330078,2651.469971,2652.189941,2659.98999,3091950000,2659.98999
12/12/17,2669.719971,2659.780029,2661.72998,2664.110107,3555680000,2664.110107
12/13/17,2671.879883,2662.850098,2667.590088,2662.850098,3542370000,2662.850098
12/14/17,2668.090088,2652.01001,2665.870117,2652.01001,3430030000,2652.01001
12/15/17,2679.629883,2659.139893,2660.629883,2675.810059,5723920000,2675.810059
12/18/17,2694.969971,2685.919922,2685.919922,2690.159912,3724660000,2690.159912
12/19/17,2694.439941,2680.73999,2692.709961,2681.469971,3368590000,2681.469971
12/20/17,2691.01001,2676.110107,2688.179932,2679.25,3241030000,2679.25
12/21/17,2692.639893,2682.399902,2683.02002,2684.570068,3273390000,2684.570068
12/22/17,2685.350098,2678.129883,2684.219971,2683.340088,2399830000,2683.340088
12/26/17,2682.73999,2677.959961,2679.090088,2680.5,1968780000,2680.5
12/27/17,2685.639893,2678.909912,2682.100098,2682.620117,2202080000,2682.620117
12/28/17,2687.659912,2682.689941,2686.100098,2687.540039,2153330000,2687.540039
12/29/17,2692.120117,2673.610107,2689.149902,2673.610107,2443490000,2673.610107
1/2/18,2695.889893,2682.360107,2683.72998,2695.810059,3367250000,2695.810059
1/3/18,2714.370117,2697.77002,2697.850098,2713.060059,3538660000,2713.060059
1/4/18,2729.290039,2719.070068,2719.310059,2723.98999,3695260000,2723.98999
1/5/18,2743.449951,2727.919922,2731.330078,2743.149902,3236620000,2743.149902
1/8/18,2748.51001,2737.600098,2742.669922,2747.709961,3242650000,2747.709961
1/9/18,2759.139893,2747.860107,2751.149902,2751.290039,3453480000,2751.290039
1/10/18,2750.800049,2736.060059,2745.550049,2748.22998,3576350000,2748.22998
1/11/18,2767.560059,2752.780029,2752.969971,2767.560059,3641320000,2767.560059
1/12/18,2787.850098,2769.639893,2770.179932,2786.23999,3573970000,2786.23999
1/16/18,2807.540039,2768.639893,2798.959961,2776.419922,4325970000,2776.419922
1/17/18,2807.040039,2778.379883,2784.98999,2802.560059,3778050000,2802.560059
1/18/18,2805.830078,2792.560059,2802.399902,2798.030029,3681470000,2798.030029
1/19/18,2810.330078,2798.080078,2802.600098,2810.300049,3639430000,2810.300049
1/22/18,2833.030029,2808.120117,2809.159912,2832.969971,3471780000,2832.969971
1/23/18,2842.23999,2830.590088,2835.050049,2839.129883,3519650000,2839.129883
1/24/18,2852.969971,2824.810059,2845.419922,2837.540039,4014070000,2837.540039
1/25/18,2848.560059,2830.939941,2846.23999,2839.25,3835150000,2839.25
1/26/18,2872.870117,2846.179932,2847.47998,2872.870117,3443230000,2872.870117
1/29/18,2870.620117,2851.47998,2867.22998,2853.530029,3573830000,2853.530029
1/30/18,2837.75,2818.27002,2832.73999,2822.429932,3990650000,2822.429932
1/31/18,2839.26001,2813.040039,2832.409912,2823.810059,4261280000,2823.810059
2/1/18,2835.959961,2812.699951,2816.449951,2821.97998,3938450000,2821.97998
2/2/18,2808.919922,2759.969971,2808.919922,2762.129883,4301130000,2762.129883
2/5/18,2763.389893,2638.169922,2741.060059,2648.939941,5283460000,2648.939941
2/6/18,2701.040039,2593.070068,2614.780029,2695.139893,5891660000,2695.139893
2/7/18,2727.669922,2681.330078,2690.949951,2681.659912,4626570000,2681.659912
2/8/18,2685.27002,2580.560059,2685.01001,2581,5305440000,2581
2/9/18,2638.669922,2532.689941,2601.780029,2619.550049,5680070000,2619.550049
2/12/18,2672.610107,2622.449951,2636.75,2656,4055790000,2656
2/13/18,2668.840088,2637.080078,2646.27002,2662.939941,3472870000,2662.939941
2/14/18,2702.100098,2648.870117,2651.209961,2698.629883,4003740000,2698.629883
2/15/18,2731.51001,2689.820068,2713.459961,2731.199951,3684910000,2731.199951
2/16/18,2754.419922,2725.110107,2727.139893,2732.219971,3637460000,2732.219971
2/20/18,2737.600098,2706.76001,2722.98999,2716.26001,3627610000,2716.26001
2/21/18,2747.75,2701.290039,2720.530029,2701.330078,3779400000,2701.330078
2/22/18,2731.26001,2697.77002,2710.419922,2703.959961,3701270000,2703.959961
2/23/18,2747.76001,2713.73999,2715.800049,2747.300049,3189190000,2747.300049
2/26/18,2780.639893,2753.780029,2757.370117,2779.600098,3424650000,2779.600098
2/27/18,2789.149902,2744.219971,2780.449951,2744.280029,3745080000,2744.280029
2/28/18,2761.52002,2713.540039,2753.780029,2713.830078,4230660000,2713.830078
3/1/18,2730.889893,2659.649902,2715.219971,2677.669922,4503970000,2677.669922
3/2/18,2696.25,2647.320068,2658.889893,2691.25,3882450000,2691.25
3/5/18,2728.090088,2675.75,2681.060059,2720.939941,3710810000,2720.939941
3/6/18,2732.080078,2711.26001,2730.179932,2728.120117,3370690000,2728.120117
3/7/18,2730.600098,2701.73999,2710.179932,2726.800049,3393270000,2726.800049
3/8/18,2740.449951,2722.649902,2732.75,2738.969971,3212320000,2738.969971
3/9/18,2786.570068,2751.540039,2752.909912,2786.570068,3364100000,2786.570068
3/12/18,2796.97998,2779.26001,2790.540039,2783.02002,3185020000,2783.02002
3/13/18,2801.899902,2758.679932,2792.310059,2765.310059,3301650000,2765.310059
3/14/18,2777.110107,2744.379883,2774.060059,2749.47998,3391360000,2749.47998
3/15/18,2763.030029,2741.469971,2754.27002,2747.330078,3500330000,2747.330078
3/16/18,2761.850098,2749.969971,2750.570068,2752.01001,5372340000,2752.01001
3/19/18,2741.379883,2694.590088,2741.379883,2712.919922,3302130000,2712.919922
3/20/18,2724.219971,2710.050049,2715.050049,2716.939941,3261030000,2716.939941
3/21/18,2739.139893,2709.790039,2714.98999,2711.929932,3415510000,2711.929932
3/22/18,2695.679932,2641.590088,2691.360107,2643.689941,3739800000,2643.689941
3/23/18,2657.669922,2585.889893,2646.709961,2588.26001,3815080000,2588.26001
3/26/18,2661.360107,2601.810059,2619.350098,2658.550049,3511100000,2658.550049
3/27/18,2674.780029,2596.120117,2667.570068,2612.620117,3706350000,2612.620117
3/28/18,2632.649902,2593.060059,2611.300049,2605,3864500000,2605
3/29/18,2659.070068,2609.719971,2614.409912,2640.870117,3565990000,2640.870117
4/2/18,2638.300049,2553.800049,2633.449951,2581.879883,3598520000,2581.879883
4/3/18,2619.139893,2575.48999,2592.169922,2614.449951,3392810000,2614.449951
4/4/18,2649.860107,2573.610107,2584.040039,2644.689941,3350340000,2644.689941
4/5/18,2672.080078,2649.580078,2657.360107,2662.840088,3178970000,2662.840088
4/6/18,2656.879883,2586.27002,2645.820068,2604.469971,3299700000,2604.469971
4/9/18,2653.550049,2610.790039,2617.179932,2613.159912,3062960000,2613.159912
4/10/18,2665.449951,2635.780029,2638.409912,2656.870117,3543930000,2656.870117
4/11/18,2661.429932,2639.25,2643.889893,2642.189941,3020760000,2642.189941
4/12/18,2674.719971,2653.830078,2653.830078,2663.98999,3021320000,2663.98999
4/13/18,2680.26001,2645.050049,2676.899902,2656.300049,2960910000,2656.300049
4/16/18,2686.48999,2665.159912,2670.100098,2677.840088,3019700000,2677.840088
4/17/18,2713.340088,2692.050049,2692.73999,2706.389893,3234360000,2706.389893
4/18/18,2717.48999,2703.629883,2710.110107,2708.639893,3383410000,2708.639893
4/19/18,2702.840088,2681.899902,2701.159912,2693.129883,3349370000,2693.129883
4/20/18,2693.939941,2660.610107,2692.560059,2670.139893,3388590000,2670.139893
4/23/18,2682.860107,2657.98999,2675.399902,2670.290039,3017480000,2670.290039
4/24/18,2683.550049,2617.320068,2680.800049,2634.560059,3706740000,2634.560059
4/25/18,2645.300049,2612.669922,2634.919922,2639.399902,3499440000,2639.399902
4/26/18,2676.47998,2647.159912,2651.649902,2666.939941,3665720000,2666.939941
4/27/18,2677.350098,2659.01001,2675.469971,2669.909912,3219030000,2669.909912
4/30/18,2682.870117,2648.040039,2682.51001,2648.050049,3734530000,2648.050049
5/1/18,2655.27002,2625.409912,2642.959961,2654.800049,3559850000,2654.800049
5/2/18,2660.870117,2631.699951,2654.23999,2635.669922,4010770000,2635.669922
5/3/18,2637.139893,2594.620117,2628.080078,2629.72998,3851470000,2629.72998
5/4/18,2670.929932,2615.320068,2621.449951,2663.419922,3327220000,2663.419922
5/7/18,2683.350098,2664.699951,2680.340088,2672.629883,3237960000,2672.629883
5/8/18,2676.340088,2655.199951,2670.26001,2671.919922,3717570000,2671.919922
5/9/18,2701.27002,2674.139893,2678.120117,2697.790039,3909500000,2697.790039
5/10/18,2726.110107,2704.540039,2705.02002,2723.070068,3333050000,2723.070068
5/11/18,2732.860107,2717.449951,2722.699951,2727.719971,2862700000,2727.719971
5/14/18,2742.100098,2725.469971,2738.469971,2730.129883,2972660000,2730.129883
5/15/18,2718.590088,2701.909912,2718.590088,2711.449951,3290680000,2711.449951
5/16/18,2727.76001,2712.169922,2712.620117,2722.459961,3202670000,2722.459961
5/17/18,2731.959961,2711.360107,2719.709961,2720.129883,3475400000,2720.129883
5/18/18,2719.5,2709.179932,2717.350098,2712.969971,3368690000,2712.969971
5/21/18,2739.189941,2725.699951,2735.389893,2733.01001,3019890000,2733.01001
5/22/18,2742.23999,2721.879883,2738.340088,2724.439941,3366310000,2724.439941
5/23/18,2733.330078,2709.540039,2713.97998,2733.290039,3326290000,2733.290039
5/24/18,2731.969971,2707.379883,2730.939941,2727.76001,3256030000,2727.76001
5/25/18,2727.360107,2714.98999,2723.600098,2721.330078,2995260000,2721.330078
5/29/18,2710.669922,2676.810059,2705.110107,2689.860107,3736890000,2689.860107
5/30/18,2729.340088,2702.429932,2702.429932,2724.01001,3561050000,2724.01001
5/31/18,2722.5,2700.679932,2720.97998,2705.27002,4235370000,2705.27002
6/1/18,2736.929932,2718.699951,2718.699951,2734.620117,3684130000,2734.620117
6/4/18,2749.159912,2740.540039,2741.669922,2746.870117,3376510000,2746.870117
6/5/18,2752.610107,2739.51001,2748.459961,2748.800049,3517790000,2748.800049
6/6/18,2772.389893,2748.459961,2753.25,2772.350098,3651640000,2772.350098
6/7/18,2779.899902,2760.159912,2774.840088,2770.370117,3711330000,2770.370117
6/8/18,2779.389893,2763.590088,2765.840088,2779.030029,3123210000,2779.030029
6/11/18,2790.209961,2780.169922,2780.179932,2782,3232330000,2782
6/12/18,2789.800049,2778.780029,2785.600098,2786.850098,3401010000,2786.850098
6/13/18,2791.469971,2774.649902,2787.939941,2775.629883,3779230000,2775.629883
6/14/18,2789.060059,2776.52002,2783.209961,2782.48999,3526890000,2782.48999
6/15/18,2782.810059,2761.72998,2777.780029,2779.659912,5428790000,2779.659912
6/18/18,2774.98999,2757.120117,2765.790039,2773.75,3287150000,2773.75
6/19/18,2765.050049,2743.189941,2752.01001,2762.590088,3661470000,2762.590088
6/20/18,2774.860107,2763.909912,2769.72998,2767.320068,3327600000,2767.320068
6/21/18,2769.280029,2744.389893,2769.280029,2749.76001,3300060000,2749.76001
6/22/18,2764.169922,2752.679932,2760.790039,2754.879883,5450550000,2754.879883
6/25/18,2742.939941,2698.669922,2742.939941,2717.070068,3655080000,2717.070068
6/26/18,2732.909912,2715.600098,2722.120117,2723.060059,3555090000,2723.060059
6/27/18,2746.090088,2699.379883,2728.449951,2699.629883,3776090000,2699.629883
6/28/18,2724.340088,2691.98999,2698.689941,2716.310059,3428140000,2716.310059
6/29/18,2743.26001,2718.030029,2727.129883,2718.370117,3565620000,2718.370117
7/2/18,2727.26001,2698.949951,2704.949951,2726.709961,3073650000,2726.709961
7/3/18,2736.580078,2711.159912,2733.27002,2713.219971,1911470000,2713.219971
7/5/18,2737.830078,2716.02002,2724.189941,2736.610107,2953420000,2736.610107
7/6/18,2764.409912,2733.52002,2737.679932,2759.820068,2554780000,2759.820068
7/9/18,2784.649902,2770.72998,2775.620117,2784.169922,3050040000,2784.169922
7/10/18,2795.580078,2786.23999,2788.560059,2793.840088,3063850000,2793.840088
7/11/18,2785.909912,2770.77002,2779.820068,2774.02002,2964740000,2774.02002
7/12/18,2799.219971,2781.530029,2783.139893,2798.290039,2821690000,2798.290039
7/13/18,2804.530029,2791.689941,2796.929932,2801.310059,2614000000,2801.310059
7/16/18,2801.189941,2793.389893,2797.360107,2798.429932,2812230000,2798.429932
7/17/18,2814.189941,2789.23999,2789.340088,2809.550049,3050730000,2809.550049
7/18/18,2816.76001,2805.889893,2811.350098,2815.620117,3089780000,2815.620117
7/19/18,2812.050049,2799.77002,2809.370117,2804.48999,3266700000,2804.48999
7/20/18,2809.699951,2800.01001,2804.550049,2801.830078,3230210000,2801.830078
7/23/18,2808.610107,2795.139893,2799.169922,2806.97998,2907430000,2806.97998
7/24/18,2829.98999,2811.120117,2820.679932,2820.399902,3417530000,2820.399902
7/25/18,2848.030029,2817.72998,2817.72998,2846.070068,3553010000,2846.070068
7/26/18,2845.570068,2835.26001,2835.48999,2837.439941,3653330000,2837.439941
7/27/18,2843.169922,2808.340088,2842.350098,2818.820068,3415710000,2818.820068
7/30/18,2821.73999,2798.110107,2819,2802.600098,3245770000,2802.600098
7/31/18,2824.459961,2808.060059,2809.72998,2816.290039,3892100000,2816.290039
8/1/18,2825.830078,2805.850098,2821.169922,2813.360107,3496990000,2813.360107
8/2/18,2829.909912,2796.340088,2800.47998,2827.219971,3467380000,2827.219971
8/3/18,2840.379883,2827.370117,2829.620117,2840.350098,3030390000,2840.350098
8/6/18,2853.290039,2835.97998,2840.290039,2850.399902,2874540000,2850.399902
8/7/18,2863.429932,2855.919922,2855.919922,2858.449951,3162770000,2858.449951
8/8/18,2862.439941,2853.090088,2856.790039,2857.699951,2972200000,2857.699951
8/9/18,2862.47998,2851.97998,2857.189941,2853.580078,3047050000,2853.580078
8/10/18,2842.199951,2825.810059,2838.899902,2833.280029,3256040000,2833.280029
8/13/18,2843.399902,2819.879883,2835.459961,2821.929932,3158450000,2821.929932
8/14/18,2843.110107,2826.580078,2827.879883,2839.959961,2976970000,2839.959961
8/15/18,2827.949951,2802.48999,2827.949951,2818.370117,3645070000,2818.370117
8/16/18,2850.48999,2831.439941,2831.439941,2840.689941,3219880000,2840.689941
8/17/18,2855.629883,2833.72998,2838.320068,2850.129883,3024100000,2850.129883
8/20/18,2859.76001,2850.620117,2853.929932,2857.050049,2748020000,2857.050049
8/21/18,2873.22998,2861.320068,2861.51001,2862.959961,3147140000,2862.959961
8/22/18,2867.540039,2856.050049,2860.98999,2861.820068,2689560000,2861.820068
8/23/18,2868.780029,2854.030029,2860.290039,2856.97998,2713910000,2856.97998
8/24/18,2876.159912,2862.350098,2862.350098,2874.689941,2596190000,2874.689941
8/27/18,2898.25,2884.689941,2884.689941,2896.73999,2854080000,2896.73999
8/28/18,2903.77002,2893.5,2901.449951,2897.52002,2683190000,2897.52002
8/29/18,2916.5,2898.399902,2900.620117,2914.040039,2791860000,2914.040039
8/30/18,2912.459961,2895.219971,2908.939941,2901.129883,2802180000,2901.129883
8/31/18,2906.320068,2891.72998,2898.370117,2901.52002,2880260000,2901.52002
9/4/18,2900.179932,2885.129883,2896.959961,2896.719971,3077060000,2896.719971
9/5/18,2894.209961,2876.919922,2891.590088,2888.600098,3241250000,2888.600098
9/6/18,2892.050049,2867.290039,2888.639893,2878.050049,3139590000,2878.050049
9/7/18,2883.810059,2864.120117,2868.26001,2871.679932,2946270000,2871.679932
9/10/18,2886.929932,2875.939941,2881.389893,2877.129883,2731400000,2877.129883
9/11/18,2892.52002,2866.780029,2871.570068,2887.889893,2899660000,2887.889893
9/12/18,2894.649902,2879.199951,2888.290039,2888.919922,3264930000,2888.919922
9/13/18,2906.76001,2896.389893,2896.850098,2904.179932,3254930000,2904.179932
9/14/18,2908.300049,2895.77002,2906.379883,2904.97998,3149800000,2904.97998
9/17/18,2904.649902,2886.159912,2903.830078,2888.800049,2947760000,2888.800049
9/18/18,2911.169922,2890.429932,2890.73999,2904.310059,3074610000,2904.310059
9/19/18,2912.360107,2903.820068,2906.600098,2907.949951,3280020000,2907.949951
9/20/18,2934.800049,2919.72998,2919.72998,2930.75,3337730000,2930.75
9/21/18,2940.909912,2927.110107,2936.76001,2929.669922,5607610000,2929.669922
9/24/18,2923.790039,2912.629883,2921.830078,2919.370117,3372210000,2919.370117
9/25/18,2923.949951,2913.699951,2921.75,2915.560059,3285480000,2915.560059
9/26/18,2931.149902,2903.280029,2916.97998,2905.969971,3388620000,2905.969971
9/27/18,2927.219971,2909.27002,2911.649902,2914,3060850000,2914
9/28/18,2920.530029,2907.5,2910.030029,2913.97998,3432300000,2913.97998
10/1/18,2937.060059,2917.909912,2926.290039,2924.590088,3364190000,2924.590088
10/2/18,2931.419922,2919.370117,2923.800049,2923.429932,3401880000,2923.429932
10/3/18,2939.860107,2921.360107,2931.689941,2925.51001,3598710000,2925.51001
10/4/18,2919.780029,2883.919922,2919.350098,2901.610107,3496860000,2901.610107
10/5/18,2909.639893,2869.290039,2902.540039,2885.570068,3328980000,2885.570068
10/8/18,2889.449951,2862.080078,2877.530029,2884.429932,3330320000,2884.429932
10/9/18,2894.830078,2874.27002,2882.51001,2880.340088,3520500000,2880.340088
10/10/18,2874.02002,2784.860107,2873.899902,2785.679932,4501250000,2785.679932
10/11/18,2795.139893,2710.51001,2776.870117,2728.370117,4890630000,2728.370117
10/12/18,2775.77002,2729.439941,2770.540039,2767.129883,3966040000,2767.129883
10/15/18,2775.98999,2749.030029,2763.830078,2750.790039,3300140000,2750.790039
10/16/18,2813.459961,2766.909912,2767.050049,2809.919922,3428340000,2809.919922
10/17/18,2816.939941,2781.810059,2811.669922,2809.209961,3321710000,2809.209961
10/18/18,2806.040039,2755.179932,2802,2768.780029,3616440000,2768.780029
10/19/18,2797.77002,2760.27002,2775.659912,2767.780029,3566490000,2767.780029
10/22/18,2778.939941,2749.219971,2773.939941,2755.879883,3307140000,2755.879883
10/23/18,2753.590088,2691.429932,2721.030029,2740.689941,4348580000,2740.689941
10/24/18,2742.590088,2651.889893,2737.870117,2656.100098,4709310000,2656.100098
10/25/18,2722.699951,2667.840088,2674.879883,2705.570068,4634770000,2705.570068
10/26/18,2692.379883,2628.159912,2667.860107,2658.689941,4803150000,2658.689941
10/29/18,2706.850098,2603.540039,2682.649902,2641.25,4673700000,2641.25
10/30/18,2685.429932,2635.340088,2640.679932,2682.629883,5106380000,2682.629883
10/31/18,2736.689941,2705.600098,2705.600098,2711.73999,5112420000,2711.73999
11/1/18,2741.669922,2708.850098,2717.580078,2740.370117,4708420000,2740.370117
11/2/18,2756.550049,2700.439941,2745.449951,2723.060059,4237930000,2723.060059
11/5/18,2744.27002,2717.939941,2726.370117,2738.310059,3623320000,2738.310059
11/6/18,2756.820068,2737.080078,2738.399902,2755.449951,3510860000,2755.449951
11/7/18,2815.149902,2774.129883,2774.129883,2813.889893,3914750000,2813.889893
11/8/18,2814.75,2794.98999,2806.379883,2806.830078,3630490000,2806.830078
11/9/18,2794.100098,2764.23999,2794.100098,2781.01001,4019090000,2781.01001
11/12/18,2775.98999,2722,2773.929932,2726.219971,3670930000,2726.219971
11/13/18,2754.600098,2714.97998,2730.050049,2722.179932,4091440000,2722.179932
11/14/18,2746.800049,2685.75,2737.899902,2701.580078,4402370000,2701.580078
11/15/18,2735.379883,2670.75,2693.52002,2730.199951,4179140000,2730.199951
11/16/18,2746.75,2712.159912,2718.540039,2736.27002,3975180000,2736.27002
11/19/18,2733.159912,2681.090088,2730.73999,2690.72998,3772900000,2690.72998
11/20/18,2669.439941,2631.52002,2654.600098,2641.889893,4357900000,2641.889893
11/21/18,2670.72998,2649.820068,2657.73999,2649.929932,3233550000,2649.929932
11/23/18,2647.550049,2631.090088,2633.360107,2632.560059,1651650000,2632.560059
11/26/18,2674.350098,2649.969971,2649.969971,2673.449951,3443950000,2673.449951
11/27/18,2682.530029,2655.889893,2663.75,2682.169922,3485220000,2682.169922
11/28/18,2744,2684.379883,2691.449951,2743.790039,3951670000,2743.790039
11/29/18,2753.75,2722.939941,2736.969971,2737.800049,3560770000,2737.800049
11/30/18,2760.879883,2732.76001,2737.76001,2760.169922,4658580000,2760.169922
12/3/18,2800.179932,2773.379883,2790.5,2790.370117,4186060000,2790.370117
12/4/18,2785.929932,2697.179932,2782.429932,2700.060059,4499840000,2700.060059
12/6/18,2696.149902,2621.530029,2663.51001,2695.949951,5141470000,2695.949951
12/7/18,2708.540039,2623.139893,2691.26001,2633.080078,4216690000,2633.080078
12/10/18,2647.51001,2583.22998,2630.860107,2637.719971,4151030000,2637.719971
12/11/18,2674.350098,2621.300049,2664.439941,2636.780029,3905870000,2636.780029
12/12/18,2685.439941,2650.26001,2658.22998,2651.070068,3955890000,2651.070068
12/13/18,2670.189941,2637.27002,2658.699951,2650.540039,3927720000,2650.540039
12/14/18,2635.070068,2593.840088,2629.679932,2599.949951,4035020000,2599.949951
12/17/18,2601.129883,2530.540039,2590.75,2545.939941,4616350000,2545.939941
12/18/18,2573.98999,2528.709961,2559.899902,2546.159912,4470880000,2546.159912
12/19/18,2585.290039,2488.959961,2547.050049,2506.959961,5127940000,2506.959961
12/20/18,2509.629883,2441.179932,2496.77002,2467.419922,5585780000,2467.419922
12/21/18,2504.409912,2408.550049,2465.379883,2416.620117,7609010000,2416.620117
12/24/18,2410.340088,2351.100098,2400.560059,2351.100098,2613930000,2351.100098
12/26/18,2467.76001,2346.580078,2363.120117,2467.699951,4233990000,2467.699951
12/27/18,2489.100098,2397.939941,2442.5,2488.830078,4096610000,2488.830078
12/28/18,2520.27002,2472.889893,2498.77002,2485.73999,3702620000,2485.73999
12/31/18,2509.23999,2482.820068,2498.939941,2506.850098,3442870000,2506.850098